{
    "attribute": {
        "size": {
            "1D": [
                "length",
                "len",
                "height",
                "hgt",
                "ht",
                "altitude",
                "alt",
                "elevation",
                "elev",
                "depth",
                "breadth",
                "diameter",
                "perimeter",
                "circumference",
                "radius",
                "size",
                "yard"
            ],
            "3D": [
                "volume",
                "vol",
                "capacity"
            ],
            "2D": [
                "area"
            ],
            "weight": [
                "mass",
                "wgt",
                "weight"
            ]
        }
    }
}
