"{&nbsp;|district information}","&nbsp;useful links","&nbsp;general information","&nbsp;schools"
"&nbsp;","&nbsp;bhs scholarship foundation","&nbsp;acsip plans","&nbsp;blytheville school district   870.762.2053"
"&nbsp;board minutes","&nbsp;google email","&nbsp;afterschool program","&nbsp;blytheville kindergarten center (pk-k)   870.763.7621"
"&nbsp;calendar","&nbsp;hac","&nbsp;gifted &amp; talented","&nbsp;blytheville primary school (1-2)   870.763.6916"
"&nbsp;forms","&nbsp;","&nbsp;parental involvement","&nbsp;central elementary (3-4)   870.763.4485"
"&nbsp;job openings","&nbsp;","&nbsp;public information","&nbsp;blytheville intermediate school (5-6)   870.763.5924"
"&nbsp;ses information","&nbsp;","&nbsp;safety &amp; security","&nbsp;blytheville middle school (7-8)   870.762.2983"
"&nbsp;","&nbsp;","&nbsp;school report card","&nbsp;blytheville high school (9-12)   870.762.2772"
"&nbsp;","&nbsp;","&nbsp;technology","&nbsp;blytheville charter school (7-12)   870.763.7191"
